Ticker,GICS Sector,GICS Sub-Industry,Headquarters Location,Date Added,Founded,CEO Name,Gender,Salary,Date Announced as CEO
A,Health Care,Life Sciences Tools & Services,"Santa Clara, California",6/5/00,1999,Michael McMullen,M,"$16,647,413.00 ",3/18/15
AAL,Industrials,Passenger Airlines,"Fort Worth, Texas",3/23/15,1934,Robert Isom,M,"$4,886,649.00 ",3/31/22
AAPL,Information Technology,"Technology Hardware, Storage & Peripherals","Cupertino, California",11/30/82,1977,Tim Cook,M,"$99,420,097.00 ",8/24/11
ABBV,Health Care,Biotechnology,"North Chicago, Illinois",12/31/12,2012,Richard Gonzalez,M,"$26,287,185.00 ",2/20/24
ABNB,Consumer Discretionary,"Hotels, Resorts & Cruise Lines","San Francisco, California",9/18/23,2008,Brian Chesky,M,"$295,130,000.00 ",12/10/20
ABT,Health Care,Health Care Equipment,"North Chicago, Illinois",3/4/57,1888,Robert Ford,M,"$21,722,152.00 ",11/13/19
ACGL,Financials,Property & Casualty Insurance,"Hamilton, Bermuda",11/1/22,1995,Marc Grandisson,M,"$12,101,639.00 ",3/3/18
ACN,Information Technology,IT Consulting & Other Services,"Dublin, Ireland",7/6/11,1989,Julie Sweet,F,"$33,701,108.00 ",7/11/19
ADBE,Information Technology,Application Software,"San Jose, California",5/5/97,1982,Shantanu Narayen,M,"$31,600,311.00 ",2/28/17
ADI,Information Technology,Semiconductors,"Wilmington, Massachusetts",10/12/99,1965,Vincent Roche,M,"$22,098,295.00 ",5/1/13
ADM,Consumer Staples,Agricultural Products & Services,"Chicago, Illinois",3/4/57,1902,Juan Richardo Luciano,M,"$24,749,178.00 ",11/6/14
ADP,Industrials,Human Resource & Employment Services,"Roseland, New Jersey",3/31/81,1949,Carlos Rodriguez,M,"$20,827,092.00 ",10/26/22
ADSK,Information Technology,Application Software,"San Francisco, California",12/1/89,1982,Andrew Anagnost,M,"$17,600,752.00 ",6/19/17
AEE,Utilities,Multi-Utilities,"St. Louis, Missouri",9/19/91,1902,Martin Lyons,M,"$7,357,331.00 ",1/1/22
AEP,Utilities,Electric Utilities,"Columbus, Ohio",3/4/57,1906,Nicholas Akins,M,"$16,375,508.00 ",12/20/10
AES,Utilities,Independent Power Producers & Energy Traders,"Arlington, Virginia",10/2/98,1981,Andres Gluski,M,"$12,525,258.00 ",9/6/11
AFL,Financials,Life & Health Insurance,"Columbus, Georgia",5/28/99,1955,Daniel Amos,M,"$15,776,291.00 ",10/25/16
AIG,Financials,Multi-line Insurance,"New York City, New York",3/31/80,1919,Peter Zaffino,M,"$75,314,199.00 ",3/1/21
AIZ,Financials,Multi-line Insurance,"Atlanta, Georgia",4/10/07,1892,Keith Demmings,M,"$8,372,281.00 ",1/1/22
AJG,Financials,Insurance Brokers,"Rolling Meadows, Illinois",5/31/16,1927,Pat Gallagher,M,"$14,194,926.00 ",1/1/95
AKAM,Information Technology,Internet Services & Infrastructure,"Cambridge, Massachusetts",7/12/07,1998,Dr. Tom Leighton,M,"$11,982,771.00 ",10/29/99
ALB,Materials,Specialty Chemicals,"Charlotte, North Carolina",7/1/16,1994,Kent Masters,M,"$11,118,156.00 ",5/5/20
ALGN,Health Care,Health Care Supplies,"Tempe, Arizona",6/19/17,1997,Joseph Hogan,M,"$18,684,044.00 ",7/17/08
ALL,Financials,Property & Casualty Insurance,"Northbrook, Illinois",7/13/95,1931,Thomas Wilson,M,"$15,005,001.00 ",9/26/06
ALLE,Industrials,Building Products,"Dublin, Ireland",12/2/13,1908,David Petratis,M,"$7,896,757.00 ",7/11/22
AMAT,Information Technology,Semiconductor Materials & Equipment,"Santa Clara, California",3/16/95,1967,Gary Dickerson,M,"$20,399,972.00 ",9/1/13
AMCR,Materials,Paper & Plastic Packaging Products & Materials,"Warmley, Bristol, United Kingdom",6/7/19,2019,Ron Delia,M,"$7,305,995.00 ",3/19/24
AMD,Information Technology,Semiconductors,"Santa Clara, California",3/20/17,1969,Lisa Su,F,"$30,219,921.00 ",10/8/14
AME,Industrials,Electrical Components & Equipment,"Berwyn, Pennsylvania",9/23/13,1930,David Zapico,M,"$13,119,641.00 ",5/1/16
AMGN,Health Care,Biotechnology,"Thousand Oaks, California",1/2/92,1980,Robert Bradway,M,"$21,399,733.00 ",5/1/12
AMP,Financials,Asset Management & Custody Banks,"Minneapolis, Minnesota",10/3/05,1894,James Cracchiolo,M,"$22,847,623.00 ",9/15/05
AMT,Real Estate,Telecom Tower REITs,"Boston, Massachusetts",11/19/07,1995,Thomas Bartlett,M,"$18,306,709.00 ",10/27/23
AMZN,Consumer Discretionary,Broadline Retail,"Seattle, Washington",11/18/05,1994,Andrew Jassy,M,"$1,298,723.00 ",2/2/21
ANET,Information Technology,Communications Equipment,"Santa Clara, California",8/28/18,2004,Jayshree Ullal,F,"$10,735,887.00 ",10/1/08
ANSS,Information Technology,Application Software,"Canonsburg, Pennsylvania",6/19/17,1969,Ajei Gopal,M,"$21,872,498.00 ",1/1/17
AON,Financials,Insurance Brokers,"London, UK",4/23/96,1996,Gregory Case,M,"$19,668,985.00 ",4/1/05
AOS,Industrials,Building Products,"Milwaukee, Wisconsin",7/26/17,1916,Kevin Wheeler,M,"$6,640,047.00 ",7/11/18
APA,Energy,Oil & Gas Exploration & Production,"Houston, Texas",7/28/97,1954,John Christmann,M,"$13,802,119.00 ",1/1/15
APD,Materials,Industrial Gases,"Allentown, Pennsylvania",4/30/85,1940,Seifi Ghasemi,M,"$18,483,105.00 ",6/18/24
APH,Information Technology,Electronic Components,"Wallingford, Connecticut",9/30/08,1932,Richard Adam Norwitt,M,"$13,955,683.00 ",12/13/06
APTV,Consumer Discretionary,Automotive Parts & Equipment,"Dublin, Ireland",12/24/12,1994,Kevin Clark,M,"$16,206,621.00 ",4/1/22
ARE,Real Estate,Office REITs,"Pasadena, California",3/20/17,1994,Peter Moglia,M,"$9,289,388.00 ",9/5/23
ATO,Utilities,Gas Utilities,"Dallas, Texas",2/15/19,1906,Kevin Akers,M,"$4,839,562.00 ",10/1/19
AVB,Real Estate,Multi-Family Residential REITs,"Arlington, Virginia",1/10/07,1978,Benjamin Schall,M,"$9,393,208.00 ",2/1/21
AVGO,Information Technology,Semiconductors,"Palo Alto, California",5/8/14,1961,Hock Tan,M,"$60,606,971.00 ",2/1/16
AVY,Materials,Paper & Plastic Packaging Products & Materials,"Mentor, Ohio",12/31/87,1990,Mitchell Butier,M,"$9,107,739.00 ",5/1/16
AWK,Utilities,Water Utilities,"Camden, New Jersey",3/4/16,1886,Susan Hardwick,F,"$6,720,753.00 ",2/2/22
AXON,Industrials,Aerospace & Defense,"Scottsdale, Arizona",5/4/23,1993,Patrick Smith,M,"$33,203.00 ",1/26/21
AXP,Financials,Consumer Finance,"New York City, New York",6/30/76,1850,Stephen Squeri,M,"$48,029,631.00 ",2/1/18
AZO,Consumer Discretionary,Automotive Retail,"Memphis, Tennessee",1/2/97,1979,William Rhodes,M,"$14,330,010.00 ",3/13/05
BA,Industrials,Aerospace & Defense,"Arlington, Virginia",3/4/57,1916,David Calhoun,M,"$22,480,396.00 ",1/1/20
BAC,Financials,Diversified Banks,"Charlotte, North Carolina",6/30/76,1976,Brian Moynihan,M,"$30,177,503.00 ",3/19/24
BALL,Materials,"Metal, Glass & Plastic Containers","Broomfield, Colorado",10/31/84,1880,Daniel Fisher,M,"$6,839,380.00 ",4/27/22
BAX,Health Care,Health Care Equipment,"Deerfield, Illinois",9/30/72,1931,Jose Almeida,M,"$13,588,236.00 ",1/1/16
BBWI,Consumer Discretionary,Other Specialty Retail,"Columbus, Ohio",9/30/83,1963,Andrew Meslow,M,"$9,467,439.00 ",5/1/20
BBY,Consumer Discretionary,Computer & Electronics Retail,"Richfield, Minnesota",6/29/99,1966,Corie Barry,F,"$12,837,677.00 ",4/15/19
BDX,Health Care,Health Care Equipment,"Franklin Lakes, New Jersey",9/30/72,1897,Thomas Polen,M,"$16,711,230.00 ",1/1/20
BEN,Financials,Asset Management & Custody Banks,"San Mateo, California",4/30/98,1947,Jennifer Johnson,F,"$15,734,998.00 ",2/15/20
BF.B,Consumer Staples,Distillers & Vintners,"Louisville, Kentucky",10/31/82,1870,Lawson Whiting,M,"$9,651,262.00 ",1/1/19
BG,Consumer Staples,Agricultural Products & Services,"Chesterfield, Missouri",3/15/23,1818,Gregory Heckman,M,"$17,899,691.00 ",4/25/19
BIIB,Health Care,Biotechnology,"Cambridge, Massachusetts",11/13/03,1978,Christopher Viehbacher,M,"$30,488,593.00 ",11/10/22
BIO,Health Care,Life Sciences Tools & Services,"Hercules, California",6/22/20,1952,Norman Schwartz,M,"$7,527,985.00 ",1/1/03
BK,Financials,Asset Management & Custody Banks,"New York City, New York",3/31/95,1784,Robin Vince,M,"$11,203,469.00 ",3/1/22
BKNG,Consumer Discretionary,"Hotels, Resorts & Cruise Lines","Norwalk, Connecticut",11/6/09,1996,Glenn Fogel,M,"$30,774,922.00 ",1/1/17
BKR,Energy,Oil & Gas Equipment & Services,"Houston, Texas",7/7/17,2017,Lorenzo Simonelli,M,"$16,091,588.00 ",10/2/17
BLDR,Industrials,Building Products,"Irving, Texas",12/18/23,1998,David Rush,M,"$2,460,749.00 ",11/18/22
BLK,Financials,Asset Management & Custody Banks,"New York City, New York",4/4/11,1988,Laurence Fink,M,"$32,726,109.00 ",10/1/99
BMY,Health Care,Pharmaceuticals,"New York City, New York",3/4/57,1957,Giovanni Caforio,M,"$20,053,032.00 ",11/1/23
BR,Industrials,Data Processing & Outsourced Services,"Lake Success, New York",6/18/18,1962,Timothy Gokey,M,"$10,068,228.00 ",1/2/19
BRK.B,Financials,Multi-Sector Holdings,"Omaha, Nebraska",2/16/10,1839,Warren Buffett,M,"$401,589.00 ",5/10/65
BRO,Financials,Insurance Brokers,"Daytona Beach, Florida",9/20/21,1939,Powell Brown,M,"$6,741,633.00 ",7/1/09
BSX,Health Care,Health Care Equipment,"Marlborough, Massachusetts",2/24/95,1979,Michael Mahoney,M,"$16,941,961.00 ",11/1/12
BWA,Consumer Discretionary,Automotive Parts & Equipment,"Auburn Hills, Michigan",12/19/11,1880,Frederic Lissalde,M,"$17,860,730.00 ",6/7/18
BX,Financials,Asset Management & Custody Banks,"New York City, New York",9/18/23,1985,Stephen Schwarzman,M,"$253,122,146.00 ",6/21/07
BXP,Real Estate,Office REITs,"Boston, Massachusetts",4/3/06,1970,Owen Thomas,M,"$13,050,788.00 ",4/15/13
C,Financials,Diversified Banks,"New York City, New York",5/31/88,1998,Jane Fraser,F,"$22,064,065.00 ",3/1/21
CAG,Consumer Staples,Packaged Foods & Meats,"Chicago, Illinois",8/31/83,1919,Sean Connolly,M,"$18,720,100.00 ",2/12/15
CAH,Health Care,Health Care Distributors,"Dublin, Ohio",5/27/97,1971,Michael Kaufmann,M,"$13,463,557.00 ",8/11/22
CARR,Industrials,Building Products,"Palm Beach Gardens, Florida",4/3/20,2020,David Gitlin,M,"$13,222,247.00 ",4/19/21
CAT,Industrials,Construction Machinery & Heavy Transportation Equipment,"Irving, Texas",3/4/57,1925,James Umpleby,M,"$20,607,600.00 ",1/1/17
CB,Financials,Property & Casualty Insurance,"Zurich, Switzerland",7/15/10,1985,Evan Greenberg,M,"$25,152,070.00 ",5/1/04
CBOE,Financials,Financial Exchanges & Data,"Chicago, Illinois",3/1/17,1973,Edward Tilly,M,"$11,915,247.00 ",9/19/23
CBRE,Real Estate,Real Estate Services,"Dallas, Texas",11/10/06,1906,Robert Sulentic,M,"$25,912,100.00 ",5/8/12
CCI,Real Estate,Telecom Tower REITs,"Houston, Texas",3/14/12,1994,Jay Brown,M,"$12,450,777.00 ",9/26/22
CCL,Consumer Discretionary,"Hotels, Resorts & Cruise Lines","Miami, Florida",12/22/98,1972,Josh Weinstein,M,"$8,014,153.00 ",8/1/22
CDNS,Information Technology,Application Software,"San Jose, California",9/18/17,1988,Anirudh Devgan,M,"$32,216,034.00 ",12/15/21
CDW,Information Technology,Technology Distributors,"Vernon Hills, Illinois",9/23/19,1984,Christine Leahy,F,"$11,115,822.00 ",12/12/18
CE,Materials,Specialty Chemicals,"Irving, Texas",12/24/18,1918,Lori Ryerkerk,F,"$10,967,783.00 ",5/1/19
CEG,Utilities,Electric Utilities,"Baltimore, Maryland",2/2/22,1999,Joseph Dominguez,M,"$10,439,082.00 ",1/7/22
CF,Materials,Fertilizers & Agricultural Chemicals,"Deerfield, Illinois",8/27/08,1946,Anthony Will,M,"$14,279,027.00 ",9/16/13
CFG,Financials,Regional Banks,"Providence, Rhode Island",1/29/16,1828,Bruce Van Saun,M,"$11,703,788.00 ",10/1/13
CHD,Consumer Staples,Household Products,"Ewing, New Jersey",12/29/15,1847,Matthew Farrell,M,"$8,375,361.00 ",1/1/16
CHRW,Industrials,Air Freight & Logistics,"Eden Prairie, Minnesota",3/2/07,1905,Robert Biesterfeld,M,"$10,529,870.00 ",5/1/19
CHTR,Communication Services,Cable & Satellite,"Stamford, Connecticut",9/8/16,1993,Christopher Winfrey,M,"$15,626,967.00 ",12/1/22
CI,Health Care,Health Care Services,"Bloomfield, Connecticut",6/30/76,1982,David Cordani,M,"$20,965,504.00 ",1/1/22
CINF,Financials,Property & Casualty Insurance,"Fairfield, Ohio",12/18/97,1950,Steven Johnston,M,"$7,596,511.00 ",4/26/11
CL,Consumer Staples,Household Products,"New York City, New York",3/4/57,1806,Noel Wallace,M,"$14,462,406.00 ",2/4/19
CLX,Consumer Staples,Household Products,"Oakland, California",3/31/69,1913,Linda Rendle,F,"$8,534,808.00 ",9/1/20
CMCSA,Communication Services,Cable & Satellite,"Philadelphia, Pennsylvania",11/19/02,1963,Brian Roberts,M,"$32,069,850.00 ",5/15/04
CME,Financials,Financial Exchanges & Data,"Chicago, Illinois",8/11/06,1848,Terrence Duffy,M,"$22,943,077.00 ",11/15/16
CMG,Consumer Discretionary,Restaurants,"Newport Beach, California",4/28/11,1993,Brian Niccol,M,"$17,186,154.00 ",2/13/18
CMI,Industrials,Construction Machinery & Heavy Transportation Equipment,"Columbus, Indiana",3/31/65,1919,Jennifer Rumsey,F,"$7,133,411.00 ",9/1/20
CMS,Utilities,Multi-Utilities,"Jackson, Michigan",3/4/57,1886,Garrick Rochow,M,"$8,706,194.00 ",12/1/20
CNC,Health Care,Managed Health Care,"St. Louis, Missouri",3/30/16,1984,Sarah London,F,"$13,246,447.00 ",3/22/22
CNP,Utilities,Multi-Utilities,"Houston, Texas",7/31/85,1882,David Lesar,M,"$13,867,875.00 ",7/1/20
COF,Financials,Consumer Finance,"Tysons Corner, Virginia",7/1/98,1994,Richard Fairbank,M,"$27,605,311.00 ",7/21/94
COO,Health Care,Health Care Supplies,"San Ramon, California",9/23/16,1958,Albert White,M,"$11,735,964.00 ",5/1/18
COP,Energy,Oil & Gas Exploration & Production,"Houston, Texas",3/4/57,2002,Ryan Lance,M,"$19,972,339.00 ",5/1/12
COR,Health Care,Health Care Distributors,"Conshohocken, Pennsylvania",8/30/01,1985,Steven Collis,M,"$17,510,000.00 ",3/15/24
COST,Consumer Staples,Consumer Staples Merchandise Retail,"Issaquah, Washington",10/1/93,1976,Craig Jelinek,M,"$9,905,070.00 ",10/18/23
CPAY,Financials,Transaction & Payment Processing Services,"Atlanta, Georgia",6/20/18,2000,Ron Clarke,M,"$3,986,998.00 ",7/1/21
CPB,Consumer Staples,Packaged Foods & Meats,"Camden, New Jersey",3/4/57,1869,Mark Clouse,M,"$10,277,065.00 ",1/22/19
CPRT,Industrials,Diversified Support Services,"Dallas, Texas",7/2/18,1982,Jeffrey Liaw,M,"$30,997,606.00 ",3/11/24
CPT,Real Estate,Multi-Family Residential REITs,"Houston, Texas",4/4/22,1981,Richard Campo,M,"$6,176,567.00 ",5/15/93
CRL,Health Care,Life Sciences Tools & Services,"Wilmington, Massachusetts",5/14/21,1947,James Foster,M,"$13,447,872.00 ",10/11/02
CRM,Information Technology,Application Software,"San Francisco, California",9/15/08,1999,Marc Benioff,M,"$29,868,893.00 ",6/23/04
CRWD,Information Technology,Systems Software,"Austin, Texas",6/24/24,2011,George Kurtz,M,"$46,980,000.00 ",1/16/24
CSCO,Information Technology,Communications Equipment,"San Jose, California",12/1/93,1984,Charles Robbins,M,"$29,283,936.00 ",7/15/15
CSGP,Real Estate,Real Estate Services,"Washington, D.C.",9/19/22,1987,Andrew Florance,M,"$19,420,514.00 ",1/22/24
CSX,Industrials,Rail Transportation,"Jacksonville, Florida",3/4/57,1980,Joseph Hinrichs,M,"$8,348,517.00 ",8/1/22
CTAS,Industrials,Diversified Support Services,"Mason, Ohio",3/1/01,1929,Todd Schneider,M,"$7,570,256.00 ",6/1/21
CTLT,Health Care,Pharmaceuticals,"Somerset, New Jersey",9/21/20,2007,John Chiminski,M,"$12,407,517.00 ",3/1/09
CTRA,Energy,Oil & Gas Exploration & Production,"Houston, Texas",6/23/08,2008,Thomas Jorden,M,"$15,303,397.00 ",1/1/23
CTSH,Information Technology,IT Consulting & Other Services,"Teaneck, New Jersey",11/17/06,1994,Brian Humphries,M,"$17,943,894.00 ",2/6/19
CTVA,Materials,Fertilizers & Agricultural Chemicals,"Indianapolis, Indiana",6/3/19,2019,Charles Magro,M,"$14,762,075.00 ",11/1/21
CVS,Health Care,Health Care Services,"Woonsocket, Rhode Island",3/4/57,1996,Karen Lynch,F,"$21,317,055.00 ",5/30/22
CVX,Energy,Integrated Oil & Gas,"San Ramon, California",3/4/57,1879,Mike Wirth,M,"$23,573,925.00 ",2/1/18
CZR,Consumer Discretionary,Casinos & Gaming,"Reno, Nevada",3/22/21,1973,Thomas Reeg,M,"$31,349,920.00 ",1/1/19
D,Utilities,Multi-Utilities,"Richmond, Virginia",11/30/16,1983,Robert Blue,M,"$6,794,985.00 ",10/15/20
DAL,Industrials,Passenger Airlines,"Atlanta, Georgia",9/11/13,1929,Dallas Tanner,M,"$14,166,554.00 ",1/16/19
DAY,Industrials,Human Resource & Employment Services,"Minneapolis, Minnesota",9/20/21,1992,David Ossip,M,"$13,590,000.00 ",4/26/18
DD,Materials,Specialty Chemicals,"Wilmington, Delaware",4/2/19,2019,Edward Breen,M,"$25,584,297.00 ",11/12/15
DE,Industrials,Agricultural & Farm Machinery,"Moline, Illinois",3/4/57,1837,John May,M,"$20,300,151.00 ",11/4/19
DECK,Consumer Discretionary,Footwear,"Goleta, California",3/18/24,1973,Dave Powers,M,"$10,854,934.00 ",8/1/24
DFS,Financials,Consumer Finance,"Riverwoods, Illinois",7/2/07,1985,Roger Hochschild,M,"$10,642,075.00 ",10/1/18
DG,Consumer Staples,Consumer Staples Merchandise Retail,"Goodlettsville, Tennessee",12/3/12,1939,Jeffery Owen,M,"$12,032,684.00 ",11/1/22
DGX,Health Care,Health Care Services,"Secaucus, New Jersey",12/12/02,1967,James Davis,M,"$11,883,027.00 ",11/1/22
DHI,Consumer Discretionary,Homebuilding,"Arlington, Texas",6/22/05,1978,David Auld,M,"$29,996,862.00 ",9/30/14
DHR,Health Care,Life Sciences Tools & Services,"Washington, D.C.",11/18/98,1969,Rainer Blair,M,"$20,196,027.00 ",6/1/19
DIS,Communication Services,Movies & Entertainment,"Burbank, California",6/30/76,1923,Bob Iger,M,"$31,600,000.00 ",3/13/05
DLR,Real Estate,Data Center REITs,"Austin, Texas",5/18/16,2004,Andrew Power,M,"$6,835,895.00 ",11/1/21
DLTR,Consumer Staples,Consumer Staples Merchandise Retail,"Chesapeake, Virginia",12/19/11,1986,Michael Witynski,M,"$13,975,672.00 ",7/20/20
DOC,Real Estate,Health Care REITs,"Denver, Colorado",3/31/08,1985,Scott Brinker,M,"$5,557,084.00 ",10/6/22
DOV,Industrials,Industrial Machinery & Supplies & Components,"Downers Grove, Illinois",10/31/85,1955,Richard Tobin,M,"$14,143,252.00 ",5/1/18
DOW,Materials,Commodity Chemicals,"Midland, Michigan",4/1/19,2019,Jim Fitterling,M,"$19,464,652.00 ",3/15/18
DPZ,Consumer Discretionary,Restaurants,"Ann Arbor, Michigan",5/12/20,1960,Russell Weiner,M,"$6,636,731.00 ",5/1/22
DRI,Consumer Discretionary,Restaurants,"Orlando, Florida",5/31/95,1938,Ricardo Cardenas,M,"$8,500,029.00 ",12/15/21
DTE,Utilities,Multi-Utilities,"Detroit, Michigan",3/4/57,1995,Gerardo Norcia,M,"$10,458,218.00 ",6/24/19
DUK,Utilities,Electric Utilities,"Charlotte, North Carolina",6/30/76,1904,Lynn Good,F,"$21,354,759.00 ",7/1/13
DVA,Health Care,Health Care Services,"Denver, Colorado",7/31/08,1979,Javier Rodriguez,M,"$2,984,581.00 ",3/6/14
DVN,Energy,Oil & Gas Exploration & Production,"Oklahoma City, Oklahoma",8/30/00,1971,Richard Muncrief,M,"$14,524,777.00 ",5/1/14
DXCM,Health Care,Health Care Equipment,"San Diego, California",5/12/20,1999,Kevin Sayer,M,"$15,435,652.00 ",1/1/15
EA,Communication Services,Interactive Home Entertainment,"Redwood City, California",7/22/02,1982,Andrew Wilson,M,"$20,659,002.00 ",9/1/13
EBAY,Consumer Discretionary,Broadline Retail,"San Jose, California",7/22/02,1995,Jamie Iannone,M,"$16,950,325.00 ",4/27/20
ECL,Materials,Specialty Chemicals,"Saint Paul, Minnesota",1/31/89,1923,Christophe Beck,M,"$8,720,419.00 ",1/1/21
ED,Utilities,Multi-Utilities,"New York City, New York",3/4/57,1823,Timothy Cawley,M,"$9,592,297.00 ",1/1/21
EFX,Industrials,Research & Consulting Services,"Atlanta, Georgia",6/19/97,1899,Mark Begor,M,"$37,245,853.00 ",4/1/18
EG,Financials,Reinsurance,"Hamilton, Bermuda",6/19/17,1973,Juan Andrade,M,"$9,106,199.00 ",8/1/19
EIX,Utilities,Electric Utilities,"Rosemead, California",3/4/57,1886,Pedro Pizarro,M,"$12,191,229.00 ",10/1/16
EL,Consumer Staples,Personal Care Products,"New York City, New York",1/5/06,1946,Fibrizio Freda,M,"$21,811,244.00 ",5/2/17
ELV,Health Care,Managed Health Care,"Indianapolis, Indiana",7/25/02,2002,Gail Boudreaux,F,"$20,931,081.00 ",11/6/17
EMN,Materials,Specialty Chemicals,"Kingsport, Tennessee",1/1/94,1920,Mark Costa,M,"$17,068,131.00 ",1/1/14
EMR,Industrials,Electrical Components & Equipment,"Ferguson, Missouri",3/31/65,1890,Lal Karsanbhai,M,"$15,178,106.00 ",2/21/21
ENPH,Information Technology,Semiconductor Materials & Equipment,"Fremont, California",1/7/21,2006,Badrinarayanan Kothandaraman,M,"$16,627,977.00 ",4/1/17
EOG,Energy,Oil & Gas Exploration & Production,"Houston, Texas",11/2/00,1999,Ezra Yacob,M,"$12,641,202.00 ",10/1/21
EPAM,Information Technology,IT Consulting & Other Services,"Newtown, Pennsylvania",12/14/21,1993,Arkadiy Dobkin,M,"$6,453,257.00 ",2/8/12
EQIX,Real Estate,Data Center REITs,"Redwood City, California",3/20/15,1998,Charles Meyers,M,"$22,282,928.00 ",9/12/18
EQR,Real Estate,Multi-Family Residential REITs,"Chicago, Illinois",12/3/01,1969,Mark Parrell,M,"$11,235,084.00 ",1/1/19
EQT,Energy,Oil & Gas Exploration & Production,"Pittsburgh, Pennsylvania",10/3/22,1888,Toby Rice,M,"$11,600,737.00 ",7/1/19
ES,Utilities,Electric Utilities,"Hartford, Connecticut",7/24/09,1966,Joseph Nolan,M,"$12,959,134.00 ",5/1/21
ESS,Real Estate,Multi-Family Residential REITs,"San Mateo, California",4/2/14,1971,Michael Schall,M,"$4,054,224.00 ",7/1/09
ETN,Industrials,Electrical Components & Equipment,"Dublin, Ireland",3/4/57,1911,Craig Arnold,M,"$14,066,041.00 ",6/1/16
ETR,Utilities,Electric Utilities,"New Orleans, Louisiana",3/4/57,1913,Leo Denault,M,"$13,207,355.00 ",7/5/13
ETSY,Consumer Discretionary,Broadline Retail,"New York City, New York",9/21/20,2005,Josh Silverman,M,"$16,461,507.00 ",1/1/20
EVRG,Utilities,Electric Utilities,"Kansas City, Missouri",6/5/18,1909,David Campbell,M,"$6,888,316.00 ",1/1/21
EW,Health Care,Health Care Equipment,"Irvine, California",4/1/11,1958,Michael Mussallem,M,"$13,992,145.00 ",4/1/00
EXC,Utilities,Electric Utilities,"Chicago, Illinois",3/4/57,2000,Calvin Butler,M,"$6,286,091.00 ",12/31/22
EXPD,Industrials,Air Freight & Logistics,"Seattle, Washington",10/10/07,1979,Jeffrey Musser,M,"$10,833,047.00 ",12/15/13
EXPE,Consumer Discretionary,"Hotels, Resorts & Cruise Lines","Seattle, Washington",10/2/07,1996,Peter Kern,M,"$1,094,473.00 ",4/15/20
EXR,Real Estate,Self-Storage REITs,"Salt Lake City, Utah",1/19/16,1977,Joseph Margolis,M,"$11,628,744.00 ",1/1/17
F,Consumer Discretionary,Automobile Manufacturers,"Dearborn, Michigan",3/4/57,1903,James Farley,M,"$20,996,146.00 ",10/1/20
FANG,Energy,Oil & Gas Exploration & Production,"Midland, Texas",12/3/18,2007,Travis Stice,M,"$17,152,470.00 ",1/1/12
FAST,Industrials,Trading Companies & Distributors,"Winona, Minnesota",9/15/08,1967,Daniel Florness,M,"$5,439,610.00 ",8/14/23
FCX,Materials,Copper,"Phoenix, Arizona",7/1/11,1912,Richard Adkerson,M,"$20,521,929.00 ",12/1/03
FDS,Financials,Financial Exchanges & Data,"Norwalk, Connecticut",12/20/21,1978,Philip Snow,M,"$6,604,998.00 ",7/1/15
FDX,Industrials,Air Freight & Logistics,"Memphis, Tennessee",12/31/80,1971,Rajesh Subramaniam,M,"$13,249,823.00 ",6/1/22
FE,Utilities,Electric Utilities,"Akron, Ohio",11/28/97,1997,Steven Strah,M,"$9,268,371.00 ",3/8/21
FFIV,Information Technology,Communications Equipment,"Seattle, Washington",12/20/10,1996,Francois Locoh-Donou,M,"$12,823,862.00 ",4/1/17
FI,Financials,Transaction & Payment Processing Services,"Brookfield, Wisconsin",4/2/01,1984,Frank Bisignano,M,"$17,822,560.00 ",7/1/20
FICO,Information Technology,Application Software,"Bozeman, Montana",3/20/23,1956,William Lansing,M,"$18,913,781.00 ",1/27/12
FIS,Financials,Transaction & Payment Processing Services,"Jacksonville, Florida",11/10/06,1968,Gary Norcross,M,"$45,321,374.00 ",1/1/15
FITB,Financials,Diversified Banks,"Cincinnati, Ohio",3/29/96,1858,Timothy Spence,M,"$8,138,659.00 ",7/15/22
FMC,Materials,Fertilizers & Agricultural Chemicals,"Philadelphia, Pennsylvania",8/19/09,1883,Mark Douglas,M,"$11,069,899.00 ",6/1/20
FOXA,Communication Services,Broadcasting,"New York City, New York",3/4/19,2019,Lachlan Murdoch,M,"$21,748,681.00 ",3/15/19
FRT,Real Estate,Retail REITs,"Rockville, Maryland",2/1/16,1962,Donald Wood,M,"$8,916,031.00 ",3/11/02
FSLR,Information Technology,Semiconductors,"Tempe, Arizona",12/19/22,1999,Mark Widmar,M,"$7,207,833.00 ",7/1/16
FTNT,Information Technology,Systems Software,"Sunnyvale, California",10/11/18,2000,Ken Xie,M,"$14,200,453.00 ",11/18/09
FTV,Industrials,Industrial Machinery & Supplies & Components,"Everett, Washington",7/1/16,2016,James Lico,M,"$16,611,190.00 ",6/15/16
GD,Industrials,Aerospace & Defense,"Falls Church, Virginia",3/4/57,1899,Phebe Novakovic,F,"$21,478,167.00 ",1/1/13
GDDY,Information Technology,Internet Services & Infrastructure,"Tempe, Arizona",6/24/24,1997,Aman Bhutani,M,"$15,880,000.00 ",8/1/19
GE,Industrials,Aerospace & Defense,"Evendale, Ohio",3/4/57,1892,Larry Culp Jr,M,"$2,000,000.00 ",4/1/18
GEHC,Health Care,Health Care Equipment,"Chicago, Illinois",1/4/23,1994,Peter Arduini,M,"$10,497,102.00 ",12/1/22
GEN,Information Technology,Systems Software,"Tempe, Arizona",3/25/03,1982,Vincent Pilette,M,"$25,291,365.00 ",11/1/19
GEV,Industrials,Heavy Electrical Equipment,"Cambridge, Massachusetts",4/2/24,2024,Scott Strazik,M,"$7,330,000.00 ",11/15/21
GILD,Health Care,Biotechnology,"Foster City, California",7/1/04,1987,Daniel O'Day,M,"$21,621,253.00 ",3/1/19
GIS,Consumer Staples,Packaged Foods & Meats,"Golden Valley, Minnesota",3/4/57,1856,Jeffrey Harmening,M,"$16,385,646.00 ",6/1/17
GL,Financials,Life & Health Insurance,"McKinney, Texas",4/30/89,1900,Gary Coleman,M,"$8,904,419.00 ",12/31/22
GLW,Information Technology,Electronic Components,"Corning, New York",2/27/95,1851,Wendell Weeks,M,"$16,169,469.00 ",4/1/05
GM,Consumer Discretionary,Automobile Manufacturers,"Detroit, Michigan",6/6/13,1908,Mary Barra,F,"$28,979,570.00 ",1/15/14
GNRC,Industrials,Electrical Components & Equipment,"Waukesha, Wisconsin",3/22/21,1959,Aaron Jagdfeld,M,"$6,807,676.00 ",8/20/08
GOOGL,Communication Services,Interactive Media & Services,"Mountain View, California",4/3/14,1998,Sundar Pichai,M,"$225,985,145.00 ",8/10/15
GPC,Consumer Discretionary,Distributors,"Atlanta, Georgia",12/31/73,1925,Paul Donahue,M,"$10,376,689.00 ",4/29/24
GPN,Financials,Transaction & Payment Processing Services,"Atlanta, Georgia",4/25/16,2000,Jeffrey Sloan,M,"$22,270,578.00 ",6/1/23
GRMN,Consumer Discretionary,Consumer Electronics,"Schaffhausen, Switzerland",12/12/12,1989,Clifton Pemble,M,"$4,317,591.00 ",1/1/13
GS,Financials,Investment Banking & Brokerage,"New York City, New York",7/22/02,1869,David Solomon,M,"$31,609,420.00 ",10/1/18
GWW,Industrials,Industrial Machinery & Supplies & Components,"Lake Forest, Illinois",6/30/81,1927,Donald G. Macpherson,M,"$9,967,658.00 ",8/8/16
HAL,Energy,Oil & Gas Equipment & Services,"Houston, Texas",3/4/57,1919,Jeffrey Miller,M,"$23,402,317.00 ",5/17/17
HAS,Consumer Discretionary,Leisure Products,"Pawtucket, Rhode Island",9/30/84,1923,Christian Cocks,M,"$9,443,047.00 ",1/5/22
HBAN,Financials,Regional Banks,"Columbus, Ohio; Detroit, Michigan",8/28/97,1866,Stephen Steinour,M,"$10,484,975.00 ",1/14/09
HCA,Health Care,Health Care Facilities,"Nashville, Tennessee",1/27/15,1968,Samuel Hazen,M,"$14,637,726.00 ",1/1/19
HD,Consumer Discretionary,Home Improvement Retail,"Atlanta, Georgia",3/31/88,1978,Edward Decker,M,"$14,519,789.00 ",3/1/22
HES,Energy,Integrated Oil & Gas,"New York City, New York",5/31/84,1919,Hess John,M,"$14,042,178.00 ",5/1/95
HIG,Financials,Property & Casualty Insurance,"Hartford, Connecticut",3/4/57,1810,Christopher Swift,M,"$16,086,469.00 ",6/9/14
HII,Industrials,Aerospace & Defense,"Newport News, Virginia",1/3/18,2011,Christopher Kastner,M,"$7,742,266.00 ",1/28/22
HLT,Consumer Discretionary,"Hotels, Resorts & Cruise Lines","Tysons Corner, Virginia",6/19/17,1919,Christopher Nassetta,M,"$23,532,938.00 ",10/29/07
HOLX,Health Care,Health Care Equipment,"Marlborough, Massachusetts",3/30/16,1985,Stephen MacMillan,M,"$14,335,632.00 ",12/1/13
HON,Industrials,Industrial Conglomerates,"Charlotte, North Carolina",3/4/57,1906,Darius Adamczyk,M,"$25,437,598.00 ",3/14/23
HPE,Information Technology,"Technology Hardware, Storage & Peripherals","Houston, Texas",11/2/15,2015,Antonio Neri,M,"$17,366,365.00 ",2/1/18
HPQ,Information Technology,"Technology Hardware, Storage & Peripherals","Palo Alto, California",12/31/74,1974,Enrique Lores,M,"$21,079,926.00 ",11/1/19
HRL,Consumer Staples,Packaged Foods & Meats,"Austin, Minnesota",3/4/09,1891,James Snee,M,"$9,478,102.00 ",10/1/16
HSIC,Health Care,Health Care Distributors,"Melville, New York",3/17/15,1932,Stanley Bergman,M,"$8,255,135.00 ",10/15/19
HST,Real Estate,Hotel & Resort REITs,"Bethesda, Maryland",3/20/07,1993,James Risoleo,M,"$14,474,484.00 ",1/1/12
HSY,Consumer Staples,Packaged Foods & Meats,"Hershey, Pennsylvania",3/4/57,1894,Michele Buck,F,"$13,550,049.00 ",12/22/16
HUBB,Industrials,Industrial Machinery & Supplies & Components,"Shelton, Connecticut",10/18/23,1888,Gerben Bakker,M,"$9,700,000.00 ",6/6/19
HUM,Health Care,Managed Health Care,"Louisville, Kentucky",12/10/12,1961,Bruce Broussard,M,"$17,198,844.00 ",12/12/18
HWM,Industrials,Aerospace & Defense,"Pittsburgh, Pennsylvania",10/21/16,1888,John Plant,M,"$1,748,249.00 ",10/14/21
IBM,Information Technology,IT Consulting & Other Services,"Armonk, New York",3/4/57,1911,Arvind Krishna,M,"$16,580,075.00 ",3/1/11
ICE,Financials,Financial Exchanges & Data,"Atlanta, Georgia",9/26/07,2000,Jeffrey Sprecher,M,"$16,703,980.00 ",5/1/00
IDXX,Health Care,Health Care Equipment,"Westbrook, Maine",1/5/17,1983,Jonathan Mazelsky,M,"$9,788,388.00 ",12/15/20
IEX,Industrials,Industrial Machinery & Supplies & Components,"Lake Forest, Illinois",8/9/19,1988,Eric Ashleman,M,"$7,495,227.00 ",4/6/20
IFF,Materials,Specialty Chemicals,"New York City, New York",3/31/76,1976,Frank Clyburn,M,"$19,271,654.00 ",1/20/22
INCY,Health Care,Biotechnology,"Wilmington, Delaware",2/28/17,1991,Herve Hoppenot,M,"$16,669,368.00 ",1/15/14
INTC,Information Technology,Semiconductors,"Santa Clara, California",12/31/76,1968,Patrick Gelsinger,M,"$11,614,700.00 ",2/15/21
INTU,Information Technology,Application Software,"Mountain View, California",12/5/00,1983,Sasan Goodarzi,M,"$27,174,857.00 ",8/1/18
INVH,Real Estate,Single-Family Residential REITs,"Dallas, Texas",9/19/22,2012,Dallas Tanner,M,"$14,166,554.00 ",1/16/19
IP,Materials,Paper & Plastic Packaging Products & Materials,"Memphis, Tennessee",3/4/57,1898,Mark Sutton,M,"$13,654,752.00 ",5/1/24
IPG,Communication Services,Advertising,"New York City, New York",10/1/92,1992,Philippe Krakowsky,M,"$13,209,442.00 ",1/1/21
IQV,Health Care,Life Sciences Tools & Services,"Durham, North Carolina",8/29/17,1982,Ari Bousbib,M,"$30,135,029.00 ",10/1/16
IR,Industrials,Industrial Machinery & Supplies & Components,"Davidson, North Carolina",3/3/20,1859,Vicente Reynal,M,"$54,505,957.00 ",1/13/14
IRM,Real Estate,Other Specialized REITs,"Boston, Massachusetts",1/6/09,1951,William Meaney,M,"$15,102,071.00 ",1/1/13
ISRG,Health Care,Health Care Equipment,"Sunnyvale, California",6/2/08,1995,Gary Guthart,M,"$10,345,077.00 ",10/23/09
IT,Information Technology,IT Consulting & Other Services,"Stamford, Connecticut",4/5/17,1979,Eugene Hall,M,"$15,452,138.00 ",7/1/24
ITW,Industrials,Industrial Machinery & Supplies & Components,"Glenview, Illinois",2/28/86,1912,Scott Santi,M,"$22,234,230.00 ",10/24/19
IVZ,Financials,Asset Management & Custody Banks,"Atlanta, Georgia",8/21/08,1935,Martin Flanagan,M,"$15,173,146.00 ",6/30/23
J,Industrials,Construction & Engineering,"Dallas, Texas",10/26/07,1947,Steven Demetriou,M,"$14,615,521.00 ",1/24/23
JBHT,Industrials,Cargo Ground Transportation,"Lowell, Arkansas",7/1/15,1961,John Roberts,M,"$9,240,455.00 ",7/1/24
JBL,Information Technology,Electronic Manufacturing Services,"St. Petersburg, Florida",12/18/23,1966,Mike Dastoor,M,"$4,820,000.00 ",5/18/24
JCI,Industrials,Building Products,"Cork, Ireland",8/27/10,1885,George Oliver,M,"$14,929,350.00 ",9/1/17
JKHY,Financials,Transaction & Payment Processing Services,"Monett, Missouri",11/13/18,1976,David Foss,M,"$9,758,392.00 ",1/22/24
JNJ,Health Care,Pharmaceuticals,"New Brunswick, New Jersey",6/30/73,1886,Joaquin Duato,M,"$13,099,487.00 ",11/30/22
JNPR,Information Technology,Communications Equipment,"Sunnyvale, California",6/2/06,1996,Rami Rahim,M,"$16,630,540.00 ",11/1/14
JPM,Financials,Diversified Banks,"New York City, New York",6/30/75,1975,James Dimon,M,"$34,848,606.00 ",12/31/05
K,Consumer Staples,Packaged Foods & Meats,"Chicago, Illinois",9/11/89,1906,Steve Cahillane,M,"$17,000,000.00 ",10/2/23
KDP,Consumer Staples,Soft Drinks & Non-alcoholic Beverages,"Burlington, Massachusetts",6/21/22,1981,Robert Gamgort,M,"$12,486,492.00 ",7/1/18
KEY,Financials,Regional Banks,"Cleveland, Ohio",3/1/94,1825,Christopher Gorman,M,"$10,463,627.00 ",5/1/11
KEYS,Information Technology,Electronic Equipment & Instruments,"Santa Rosa, California",11/6/18,2018,Satish Dhanasekaran,M,"$9,393,716.00 ",2/22/22
KHC,Consumer Staples,Packaged Foods & Meats,"Chicago, Illinois; Pittsburgh, Pennsylvania",7/6/15,2015,Miguel Patricio,M,"$7,098,246.00 ",7/1/19
KIM,Real Estate,Retail REITs,"Jericho, New York",4/4/06,1958,Conor Flynn,M,"$11,630,048.00 ",1/1/16
KKR,Financials,Asset Management & Custody Banks,"New York City, New York",6/24/24,1976,Joseph Bae,M,"$49,960,000.00 ",10/13/21
KLAC,Information Technology,Semiconductor Materials & Equipment,"Milpitas, California",9/30/97,1997,Richard Wallace,M,"$20,568,625.00 ",7/1/19
KMB,Consumer Staples,Household Products,"Irving, Texas",3/4/57,1872,Michael Hsu,M,"$14,555,561.00 ",1/1/19
KMI,Energy,Oil & Gas Storage & Transportation,"Houston, Texas",5/25/12,1997,Steven Kean,M,"$1,462.00 ",7/1/17
KMX,Consumer Discretionary,Automotive Retail,"Richmond, Virginia",6/28/10,1993,William Nash,M,"$11,588,743.00 ",12/26/23
KO,Consumer Staples,Soft Drinks & Non-alcoholic Beverages,"Atlanta, Georgia",3/4/57,1886,James Quincey,M,"$22,822,519.00 ",12/15/16
KR,Consumer Staples,Food Retail,"Cincinnati, Ohio",3/4/57,1883,Rodney McMullen,M,"$19,209,843.00 ",1/1/14
KVUE,Consumer Staples,Personal Care Products,"Skillman, New Jersey",8/25/23,2023,Thibaut Mongon,M,"$19,720,000.00 ",5/11/22
L,Financials,Multi-line Insurance,"New York City, New York",5/31/95,1959,James Tisch,M,"$6,439,183.00 ",12/31/24
LDOS,Industrials,Diversified Support Services,"Reston, Virginia",8/9/19,1969,Roger Krone,M,"$13,548,892.00 ",7/14/14
LEN,Consumer Discretionary,Homebuilding,"Miami, Florida",10/4/05,1954,Jonathan Jaffe,M,"$30,032,983.00 ",11/3/20
LH,Health Care,Health Care Services,"Burlington, North Carolina",11/1/04,1978,Adam Schechter,M,"$14,927,297.00 ",11/1/19
LHX,Industrials,Aerospace & Defense,"Melbourne, Florida",9/22/08,2008,Christopher Kubasik,M,"$16,714,229.00 ",10/1/18
LIN,Materials,Industrial Gases,"Guildford, United Kingdom",7/1/92,1879,Sanjiv Lamba,M,"$14,601,322.00 ",2/28/22
LKQ,Consumer Discretionary,Distributors,"Chicago, Illinois",5/23/16,1998,Dominick Zarcone,M,"$10,740,892.00 ",11/27/23
LLY,Health Care,Pharmaceuticals,"Indianapolis, Indiana",12/31/70,1876,David Ricks,M,"$21,398,135.00 ",1/1/17
LMT,Industrials,Aerospace & Defense,"Bethesda, Maryland",3/4/57,1995,James Taiclet,M,"$24,810,545.00 ",6/15/20
LNT,Utilities,Electric Utilities,"Madison, Wisconsin",7/1/16,1917,John Larsen Board,M,"$7,286,977.00 ",1/1/24
LOW,Consumer Discretionary,Home Improvement Retail,"Mooresville, North Carolina",2/29/84,1904/1946/1959,Marvin Ellison,M,"$17,472,005.00 ",7/2/18
LRCX,Information Technology,Semiconductor Materials & Equipment,"Fremont, California",6/29/12,1980,Timothy Archer,M,"$16,941,156.00 ",11/1/16
LULU,Consumer Discretionary,"Apparel, Accessories & Luxury Goods","Vancouver, Canada",10/18/23,1998,Calvin McDonald,M,"$16,500,000.00 ",7/24/18
LUV,Industrials,Passenger Airlines,"Dallas, Texas",7/1/94,1967,Robert Jordan,M,"$5,333,960.00 ",2/1/22
LVS,Consumer Discretionary,Casinos & Gaming,"Las Vegas, Nevada",10/3/19,1988,Robert Goldstein,M,"$11,410,263.00 ",7/14/14
LW,Consumer Staples,Packaged Foods & Meats,"Eagle, Idaho",12/3/18,2018,Thomas Werner,M,"$20,352,276.00 ",1/7/21
LYB,Materials,Specialty Chemicals,"Rotterdam, Netherlands",9/5/12,2007,Peter Vanacker,M,"$17,018,989.00 ",5/23/22
LYV,Communication Services,Movies & Entertainment,"Beverly Hills, California",12/23/19,2010,Michael Rapino,M,"$139,005,565.00 ",12/25/05
MA,Financials,Transaction & Payment Processing Services,"Harrison, New York",7/18/08,1966,Michael Miebach,M,"$21,058,543.00 ",1/1/21
MAA,Real Estate,Multi-Family Residential REITs,"Memphis, Tennessee",12/2/16,1977,Eric Bolton,M,"$8,369,017.00 ",10/1/02
MAR,Consumer Discretionary,"Hotels, Resorts & Cruise Lines","Bethesda, Maryland",5/29/98,1927,Anthony Capuano,M,"$18,686,271.00 ",2/15/21
MAS,Industrials,Building Products,"Livonia, Michigan",6/30/81,1929,Keith Allman,M,"$6,261,228.00 ",11/28/11
MCD,Consumer Discretionary,Restaurants,"Chicago, Illinois",6/30/70,1940,Christopher Kempczinski,M,"$17,770,514.00 ",11/3/19
MCHP,Information Technology,Semiconductors,"Chandler, Arizona",9/7/07,1989,Ganesh Moorthy,M,"$12,276,315.00 ",3/1/21
MCK,Health Care,Health Care Distributors,"Irving, Texas",1/13/99,1833,Brian Tyler,M,"$20,221,325.00 ",4/1/19
MCO,Financials,Financial Exchanges & Data,"New York City, New York",7/1/98,1909,Robert Fauber,M,"$11,619,773.00 ",11/1/19
MDLZ,Consumer Staples,Packaged Foods & Meats,"Chicago, Illinois",10/2/12,2012,Van de Put Dirk,M,"$17,925,677.00 ",5/6/18
MDT,Health Care,Health Care Equipment,"Dublin, Ireland",10/31/86,1949,Geoffrey Martha,M,"$15,394,633.00 ",4/27/20
MET,Financials,Life & Health Insurance,"New York City, New York",12/11/00,1868,Michel Khalaf,M,"$18,107,426.00 ",5/1/19
META,Communication Services,Interactive Media & Services,"Menlo Park, California",12/23/13,2004,Mark Zuckerberg,M,"$27,110,418.00 ",5/2/14
MGM,Consumer Discretionary,Casinos & Gaming,"Paradise, Nevada",7/26/17,1986,William Hornbuckle,M,"$16,238,075.00 ",7/29/20
MHK,Consumer Discretionary,Home Furnishings,"Calhoun, Georgia",12/23/13,1878,Jeffrey Lorberbaum,M,"$4,259,954.00 ",3/1/94
MKC,Consumer Staples,Packaged Foods & Meats,"Hunt Valley, Maryland",3/20/03,1889,Lawrence Kurzius,M,"$10,426,035.00 ",2/1/16
MKTX,Financials,Financial Exchanges & Data,"New York City, New York",7/1/19,2000,Richard McVey,M,"$5,553,833.00 ",4/3/23
MLM,Materials,Construction Materials,"Raleigh, North Carolina",7/2/14,1993,Howard Nye,M,"$12,784,251.00 ",1/1/10
MMC,Financials,Insurance Brokers,"New York City, New York",8/31/87,1905,Daniel Glaser,M,"$30,924,435.00 ",9/26/22
MMM,Industrials,Industrial Conglomerates,"Saint Paul, Minnesota",3/4/57,1902,Michael Roman,M,"$14,031,387.00 ",5/4/18
MNST,Consumer Staples,Soft Drinks & Non-alcoholic Beverages,"Corona, California",6/28/12,2012,Rodney Sacks,M,"$15,417,084.00 ",1/14/21
MO,Consumer Staples,Tobacco,"Richmond, Virginia",3/4/57,1985,William Gifford,M,"$16,199,700.00 ",4/16/20
MOH,Health Care,Managed Health Care,"Long Beach, California",3/2/22,1980,Joseph Zubretsky,M,"$22,131,256.00 ",11/6/17
MOS,Materials,Fertilizers & Agricultural Chemicals,"Tampa, Florida",9/26/11,2011,James O Rourke,M,"$12,063,106.00 ",1/1/24
MPC,Energy,Oil & Gas Refining & Marketing,"Findlay, Ohio",7/1/11,2011,Michael Hennigan,M,"$21,288,532.00 ",8/1/24
MPWR,Information Technology,Semiconductors,"Kirkland, Washington",2/12/21,1997,Michael Hsing,M,"$20,664,936.00 ",8/1/97
MRK,Health Care,Pharmaceuticals,"Kenilworth, New Jersey",3/4/57,1891,Robert Davis,M,"$18,650,093.00 ",7/1/21
MRNA,Health Care,Biotechnology,"Cambridge, Massachusetts",7/21/21,2010,Stephane Bancel,M,"$19,363,648.00 ",2/7/24
MRO,Energy,Oil & Gas Exploration & Production,"Houston, Texas",3/4/57,1887,Lee Tillman,M,"$11,931,683.00 ",6/13/13
MS,Financials,Investment Banking & Brokerage,"New York City, New York",7/29/93,1935,James Gorman,M,"$39,398,905.00 ",1/1/10
MSCI,Financials,Financial Exchanges & Data,"New York City, New York",4/4/18,1969,Henry Fernandez,M,"$12,998,816.00 ",6/20/98
MSFT,Information Technology,Systems Software,"Redmond, Washington",6/1/94,1975,Satya Nadella,M,"$54,946,310.00 ",2/4/14
MSI,Information Technology,Communications Equipment,"Chicago, Illinois",3/4/57,1957,Gregory Brown,M,"$21,016,481.00 ",5/16/23
MTB,Financials,Regional Banks,"Buffalo, New York",2/23/04,1856,Rene Jones,M,"$8,815,707.00 ",12/20/17
MTCH,Communication Services,Interactive Media & Services,"Dallas, Texas",9/20/21,1986,Bernaard Kim,M,"$23,921,211.00 ",5/31/22
MTD,Health Care,Life Sciences Tools & Services,"Columbus, Ohio",9/6/16,1945,Patrick Kaltenbach,M,"$6,223,115.00 ",12/15/20
MU,Information Technology,Semiconductors,"Boise, Idaho",9/27/94,1978,Sanjay Mehrotra,M,"$28,840,809.00 ",4/27/17
NCLH,Consumer Discretionary,"Hotels, Resorts & Cruise Lines","Miami, Florida",10/13/17,2017,Frank Del Rio,M,"$21,209,333.00 ",6/30/23
NDAQ,Financials,Financial Exchanges & Data,"New York City, New York",10/22/08,1971,Adena Friedman,F,"$28,045,305.00 ",1/1/17
NDSN,Industrials,Industrial Machinery & Supplies & Components,"Westlake, Ohio",2/15/22,1935,Sundaram Nagarajan,M,"$8,432,113.00 ",8/1/19
NEE,Utilities,Multi-Utilities,"Juno Beach, Florida",6/30/76,1976,John Ketchum,M,"$17,414,329.00 ",3/1/22
NEM,Materials,Gold,"Denver, Colorado",6/30/69,1921,Tom Palmer,M,"$13,654,538.00 ",7/23/19
NFLX,Communication Services,Movies & Entertainment,"Los Gatos, California",12/20/10,1997,Reed Hastings,M,"$51,073,237.00 ",1/20/23
NI,Utilities,Multi-Utilities,"Merrillville, Indiana",11/2/00,1912,Lloyd Yates,M,"$7,113,506.00 ",2/14/15
NKE,Consumer Discretionary,"Apparel, Accessories & Luxury Goods","Washington County, Oregon",11/30/88,1964,John Donahoe,M,"$32,789,885.00 ",10/1/19
NOC,Industrials,Aerospace & Defense,"West Falls Church, Virginia",3/4/57,1957,Kathy Warden,F,"$20,672,072.00 ",1/1/19
NOW,Information Technology,Systems Software,"Santa Clara, California",11/21/19,2003,William McDermott,M,"$38,502,528.00 ",10/22/19
NRG,Utilities,Independent Power Producers & Energy Traders,"Houston, Texas",1/29/10,1992,Mauricio Gutierrez,M,"$10,151,847.00 ",11/20/23
NSC,Industrials,Rail Transportation,"Atlanta, Georgia",3/4/57,1957,Alan Shaw,M,"$9,770,910.00 ",5/1/22
NTAP,Information Technology,"Technology Hardware, Storage & Peripherals","San Jose, California",6/25/99,1992,George Kurian,M,"$11,370,423.00 ",6/1/15
NTRS,Financials,Asset Management & Custody Banks,"Chicago, Illinois",1/30/98,1889,Michael O'Grady,M,"$10,816,639.00 ",1/1/18
NUE,Materials,Steel,"Charlotte, North Carolina",4/30/85,1940,Leon Topalian,M,"$23,073,171.00 ",1/1/20
NVDA,Information Technology,Semiconductors,"Santa Clara, California",11/30/01,1993,Jen-Hsun Huang,M,"$21,356,924.00 ",1/22/99
NVR,Consumer Discretionary,Homebuilding,"Reston, Virginia",9/26/19,1980,Eugene Bredow,M,"$19,289,010.00 ",5/4/22
NWSA,Communication Services,Publishing,"New York City, New York",8/1/13,2013,Robert Thomson,M,"$19,662,203.00 ",1/1/13
NXPI,Information Technology,Semiconductors,"Eindhoven, Netherlands",3/22/21,1953,Kurt Sievers,M,"$20,771,851.00 ",5/27/20
O,Real Estate,Retail REITs,"San Diego, California",4/7/15,1969,Sumit Roy,M,"$14,286,815.00 ",10/16/18
ODFL,Industrials,Cargo Ground Transportation,"Thomasville, North Carolina",12/9/19,1934,Greg Gantt,M,"$12,828,375.00 ",7/1/23
OKE,Energy,Oil & Gas Storage & Transportation,"Tulsa, Oklahoma",3/15/10,1906,Pierce Norton,M,"$8,139,024.00 ",5/25/21
OMC,Communication Services,Advertising,"New York City, New York",12/31/97,1986,John Wren,M,"$20,679,168.00 ",2/24/06
ON,Information Technology,Semiconductors,"Phoenix, Arizona",6/21/22,1999,Hassane El-Khoury,M,"$16,519,702.00 ",12/7/20
ORCL,Information Technology,Application Software,"Austin, Texas",8/31/89,1977,Safra Catz,F,"$5,250,680.00 ",9/1/19
ORLY,Consumer Discretionary,Automotive Retail,"Springfield, Missouri",3/27/09,1957,Greg Johnson,M,"$5,477,351.00 ",1/31/24
OTIS,Industrials,Industrial Machinery & Supplies & Components,"Farmington, Connecticut",4/3/20,2020,Judy Marks,F,"$14,477,875.00 ",12/8/21
OXY,Energy,Oil & Gas Exploration & Production,"Houston, Texas",3/4/57,1920,Vicki Hollub,F,"$14,969,510.00 ",4/1/16
PANW,Information Technology,Systems Software,"Santa Clara, California",6/20/23,2005,Nikesh Arora,M,"$151,425,203.00 ",6/1/18
PARA,Communication Services,Movies & Entertainment,"New York City, New York",9/30/94,1994,Robert Bakish,M,"$32,046,006.00 ",12/4/19
PAYC,Industrials,Human Resource & Employment Services,"Oklahoma City, Oklahoma",1/28/20,1998,Chad Richison,M,"$3,138,418.00 ",8/1/16
PAYX,Industrials,Human Resource & Employment Services,"Penfield, New York",10/1/98,1971,John Gibson,M,"$6,680,180.00 ",10/1/22
PCAR,Industrials,Construction Machinery & Heavy Transportation Equipment,"Bellevue, Washington",12/31/80,1905,Preston Feight,M,"$9,961,737.00 ",7/1/19
PCG,Utilities,Multi-Utilities,"San Francisco, California",10/3/22,1905,Patricia Poppe,F,"$14,120,593.00 ",1/4/21
PEG,Utilities,Electric Utilities,"Newark, New Jersey",3/4/57,1903,Ralph LaRossa,M,"$9,510,542.00 ",9/1/22
PEP,Consumer Staples,Soft Drinks & Non-alcoholic Beverages,"Purchase, New York",3/4/57,1898,Ramon Laguarta,M,"$28,388,228.00 ",8/6/18
PFE,Health Care,Pharmaceuticals,"New York City, New York",3/4/57,1849,Albert Bourla,M,"$33,017,453.00 ",1/1/19
PFG,Financials,Life & Health Insurance,"Des Moines, Iowa",7/22/02,1879,Daniel Houston,M,"$13,804,149.00 ",8/18/15
PG,Consumer Staples,Personal Care Products,"Cincinnati, Ohio",3/4/57,1837,Jon Moeller,M,"$21,715,625.00 ",11/1/21
PGR,Financials,Property & Casualty Insurance,"Mayfield Village, Ohio",8/4/97,1937,Susan Patricia Griffith,F,"$12,748,826.00 ",7/1/16
PH,Industrials,Industrial Machinery & Supplies & Components,"Cleveland, Ohio",11/30/85,1917,Jennifer Parmentier,F,"$16,404,346.00 ",1/1/23
PHM,Consumer Discretionary,Homebuilding,"Atlanta, Georgia",4/30/84,1956,Ryan Marshall,M,"$14,484,024.00 ",9/1/16
PKG,Materials,Paper & Plastic Packaging Products & Materials,"Lake Forest, Illinois",7/26/17,1959,Mark Kowlzan,M,"$12,231,634.00 ",7/1/10
PLD,Real Estate,Industrial REITs,"San Francisco, California",7/17/03,1983,Hamid Moghadam,M,"$48,152,756.00 ",1/1/13
PM,Consumer Staples,Tobacco,"New York City, New York",3/31/08,2008,Jacek Olczak,M,"$15,775,108.00 ",5/5/21
PNC,Financials,Regional Banks,"Pittsburgh, Pennsylvania",4/30/88,1845,William Demchak,M,"$19,473,490.00 ",4/16/24
PNR,Industrials,Industrial Machinery & Supplies & Components,"Worsley, United Kingdom",10/1/12,1966,John Stauch,M,"$7,783,265.00 ",2/1/07
PNW,Utilities,Multi-Utilities,"Phoenix, Arizona",10/4/99,1985,Jeffrey Guldner,M,"$8,358,317.00 ",11/15/19
PODD,Health Care,Health Care Equipment,"Acton, Massachusetts",3/15/23,2000,James Hollingshead,M,"$10,817,028.00 ",6/1/22
POOL,Consumer Discretionary,Distributors,"Covington, Louisiana",10/7/20,1993,Peter Arvan,M,"$5,846,697.00 ",9/16/22
PPG,Materials,Specialty Chemicals,"Pittsburgh, Pennsylvania",3/4/57,1883,Tim Knavish,M,"$2,861,192.00 ",10/1/23
PPL,Utilities,Electric Utilities,"Allentown, Pennsylvania",10/1/01,1920,Vincent Sorgi,M,"$9,146,575.00 ",6/1/20
PRU,Financials,Life & Health Insurance,"Newark, New Jersey",7/22/02,1875,Charles Lowrey,M,"$20,093,608.00 ",12/1/18
PSA,Real Estate,Self-Storage REITs,"Glendale, California",8/19/05,1972,Joseph Russell,M,"$9,201,442.00 ",1/1/19
PSX,Energy,Oil & Gas Refining & Marketing,"Houston, Texas",5/1/12,2012,Mark Lashier,M,"$16,288,870.00 ",4/12/22
PTC,Information Technology,Application Software,"Boston, Massachusetts",4/20/21,1985,James Heppelmann,M,"$12,887,115.00 ",7/26/23
PWR,Industrials,Construction & Engineering,"Houston, Texas",7/1/09,1997,Earl Austin,M,"$12,038,960.00 ",3/14/16
PYPL,Financials,Transaction & Payment Processing Services,"San Jose, California",7/20/15,1998,Daniel Schulman,M,"$21,957,922.00 ",9/30/14
QCOM,Information Technology,Semiconductors,"San Diego, California",7/22/99,1985,Christiano Amon,M,"$4,754,113.00 ",6/30/21
QRVO,Information Technology,Semiconductors,"Greensboro, North Carolina",6/11/15,2015,Robert Bruggeworth,M,"$11,693,756.00 ",1/1/03
RCL,Consumer Discretionary,"Hotels, Resorts & Cruise Lines","Miami, Florida",12/5/14,1997,Jason Liberty,M,"$10,764,258.00 ",1/1/22
REG,Real Estate,Retail REITs,"Jacksonville, Florida",3/2/17,1963,Lisa Palmer,F,"$8,649,788.00 ",8/19/19
REGN,Health Care,Biotechnology,"Tarrytown, New York",5/1/13,1988,Leonard Schleifer,M,"$7,004,069.00 ",4/1/91
RF,Financials,Regional Banks,"Birmingham, Alabama",8/28/98,1971,John Turner,M,"$14,552,365.00 ",7/2/18
RJF,Financials,Investment Banking & Brokerage,"St. Petersburg, Florida",3/20/17,1962,Paul Reilly,M,"$19,000,000.00 ",5/1/10
RL,Consumer Discretionary,"Apparel, Accessories & Luxury Goods","New York City, New York",2/2/07,1967,Patrice Louvet,M,"$14,471,356.00 ",5/17/17
RMD,Health Care,Health Care Equipment,"San Diego, California",7/26/17,1989,Michael Farrell,M,"$11,659,210.00 ",3/1/13
ROK,Industrials,Electrical Components & Equipment,"Milwaukee, Wisconsin",3/12/00,1903,Blake Moret,M,"$10,987,703.00 ",7/1/16
ROL,Industrials,Environmental & Facilities Services,"Atlanta, Georgia",10/1/18,1948,Gary Rollins,M,"$7,760,204.00 ",1/1/23
ROP,Information Technology,Electronic Equipment & Instruments,"Sarasota, Florida",12/23/09,1981,Neill Hunn,M,"$21,893,365.00 ",9/1/18
ROST,Consumer Discretionary,Apparel Retail,"Dublin, California",12/21/09,1982,Barbara Rentler,F,"$11,335,069.00 ",6/20/23
RSG,Industrials,Environmental & Facilities Services,"Phoenix, Arizona",12/5/08,2008,Joe Vander Ark,M,"$9,835,321.00 ",3/30/21
RTX,Industrials,Aerospace & Defense,"Waltham, Massachusetts",3/4/57,1922,Gregory Hayes,M,"$22,609,036.00 ",12/15/23
RVTY,Health Care,Health Care Equipment,"Waltham, Massachusetts",5/31/85,1937,Prahlad Singh,M,"$9,130,000.00 ",1/1/19
SBAC,Real Estate,Telecom Tower REITs,"Boca Raton, Florida",9/1/17,1989,Jeffrey Stoops,M,"$13,334,754.00 ",12/31/23
SBUX,Consumer Discretionary,Restaurants,"Seattle, Washington",6/7/00,1971,Howard Schultz,M,"$374,558.00 ",3/16/22
SCHW,Financials,Investment Banking & Brokerage,"Westlake, Texas",6/2/97,1971,Walter Bettinger II,M,"$24,386,329.00 ",10/1/08
SHW,Materials,Specialty Chemicals,"Cleveland, Ohio",6/30/64,1866,John Morikis,M,"$12,749,910.00 ",1/1/16
SJM,Consumer Staples,Packaged Foods & Meats,"Orrville, Ohio",11/6/08,1897,Mark Smucker,M,"$11,348,537.00 ",5/1/16
SLB,Energy,Oil & Gas Equipment & Services,"Houston, Texas",3/4/57,1926,Olivier Le Peuch,M,"$15,713,757.00 ",7/19/19
SMCI,Information Technology,"Technology Hardware, Storage & Peripherals","San Jose, California",3/18/24,1993,Charles Liang,M,"$8,501,846.00 ",4/29/24
SNA,Industrials,Industrial Machinery & Supplies & Components,"Kenosha, Wisconsin",9/30/82,1920,Nicholas Pinchuk,M,"$9,484,660.00 ",12/15/07
SNPS,Information Technology,Application Software,"Sunnyvale, California",3/16/17,1986,Aart de Geus,M,"$10,058,495.00 ",1/1/24
SO,Utilities,Electric Utilities,"Atlanta, Georgia",3/4/57,1945,Thomas Fanning,M,"$24,006,670.00 ",12/12/23
SOLV,Health Care,Health Care Technology,"Saint Paul, Minnesota",4/1/24,2023,Bryan Hanson,M,"$10,300,000.00 ",12/15/17
SPG,Real Estate,Retail REITs,"Indianapolis, Indiana",6/26/02,2003,David Simon,M,"$35,667,783.00 ",1/1/95
SPGI,Financials,Financial Exchanges & Data,"New York City, New York",3/4/57,1917,Douglas Peterson,M,"$28,637,507.00 ",11/1/13
SRE,Utilities,Multi-Utilities,"San Diego, California",3/17/17,1998,Jeffrey Martin,M,"$18,608,094.00 ",9/10/18
STE,Health Care,Health Care Equipment,"Dublin, Ireland",12/23/19,1985,Daniel Carestio,M,"$7,740,184.00 ",7/29/21
STLD,Materials,Steel,"Fort Wayne, Indiana",12/22/22,1993,Mark Millett,M,"$11,234,457.00 ",1/1/12
STT,Financials,Asset Management & Custody Banks,"Boston, Massachusetts",3/14/03,1792,Ronald O'Hanley,M,"$18,004,619.00 ",1/1/19
STX,Information Technology,"Technology Hardware, Storage & Peripherals","Dublin, Ireland",7/2/12,1979,William Mosley,M,"$11,436,208.00 ",10/1/17
STZ,Consumer Staples,Distillers & Vintners,"Rochester, New York",7/1/05,1945,William Newlands,M,"$16,068,340.00 ",3/1/19
SW,Materials,Paper & Plastic Packaging Products & Materials,"Dublin, Ireland",3/4/57,1934,Anthony Smurfit,M,"$7,996,608.15 ",9/12/23
SWK,Industrials,Industrial Machinery & Supplies & Components,"New Britain, Connecticut",9/30/82,1843,James Loree,M,"$13,625,418.00 ",8/1/16
SWKS,Information Technology,Semiconductors,"Irvine, California",3/12/15,2002,Liam Griffin,M,"$16,667,162.00 ",5/11/16
SYF,Financials,Consumer Finance,"Stamford, Connecticut",11/18/15,2003,Brian Doubles,M,"$13,701,941.00 ",4/1/21
SYK,Health Care,Health Care Equipment,"Kalamazoo, Michigan",12/12/00,1941,Kevin Lobo,M,"$18,563,214.00 ",10/1/12
SYY,Consumer Staples,Food Distributors,"Houston, Texas",12/31/86,1969,Kevin Hourican,M,"$13,656,506.00 ",4/30/24
T,Communication Services,Integrated Telecommunication Services,"Dallas, Texas",11/30/83,1983,John Stankey,M,"$22,915,526.00 ",7/1/20
TAP,Consumer Staples,Brewers,"Chicago, Illinois",6/30/76,1976,Gavin Hattersley,M,"$9,071,398.00 ",9/28/19
TDG,Industrials,Aerospace & Defense,"Cleveland, Ohio",6/3/16,1993,Kevin Stein,M,"$18,709,996.00 ",4/30/18
TDY,Information Technology,Electronic Equipment & Instruments,"Thousand Oaks, California",6/22/20,1960,Robert Mehrabian,M,"$8,397,536.00 ",1/1/24
TECH,Health Care,Life Sciences Tools & Services,"Minneapolis, Minnesota",8/30/21,1976,Charles Kummeth,M,"$30,584,644.00 ",5/30/24
TEL,Information Technology,Electronic Manufacturing Services,"Schaffhausen, Switzerland",10/17/11,2007,Terrence Curtin,M,"$15,927,866.00 ",3/9/17
TER,Information Technology,Semiconductor Materials & Equipment,"North Reading, Massachusetts",9/21/20,1960,Mark Jagiela,M,"$10,601,249.00 ",2/1/23
TFC,Financials,Regional Banks,"Charlotte, North Carolina",12/4/97,1872,William Rogers,M,"$13,237,842.00 ",5/30/24
TFX,Health Care,Health Care Equipment,"Wayne, Pennsylvania",1/18/19,1943,Liam Kelly,M,"$8,190,461.00 ",5/1/20
TGT,Consumer Staples,Consumer Staples Merchandise Retail,"Minneapolis, Minnesota",12/31/76,1902,Brian Cornell,M,"$17,664,896.00 ",7/30/14
TJX,Consumer Discretionary,Apparel Retail,"Framingham, Massachusetts",9/30/85,1987,Ernie Herrman,M,"$20,525,368.00 ",1/31/16
TMO,Health Care,Life Sciences Tools & Services,"Waltham, Massachusetts",8/3/04,2004,Marc Casper,M,"$28,208,909.00 ",10/15/09
TMUS,Communication Services,Wireless Telecommunication Services,"Bellevue, Washington",7/15/19,1994,Michael Sievert,M,"$29,060,048.00 ",5/1/20
TPR,Consumer Discretionary,"Apparel, Accessories & Luxury Goods","New York City, New York",9/1/04,2017,Joanne Crevoiserat,F,"$13,739,426.00 ",7/1/20
TRGP,Energy,Oil & Gas Storage & Transportation,"Houston, Texas",10/12/22,2005,Matthew Meloy,M,"$15,202,542.00 ",3/1/20
TRMB,Information Technology,Electronic Equipment & Instruments,"Westminster, Colorado",1/21/21,1978,Robert Painter,M,"$16,134,366.00 ",10/30/19
TROW,Financials,Asset Management & Custody Banks,"Baltimore, Maryland",7/29/19,1937,Robert Sharps,M,"$13,838,613.00 ",1/1/22
TRV,Financials,Property & Casualty Insurance,"New York City, New York",8/21/02,1853,Alan Schnitzer,M,"$21,072,397.00 ",8/4/15
TSCO,Consumer Discretionary,Other Specialty Retail,"Brentwood, Tennessee",1/24/14,1938,Harry Lawton,M,"$10,483,321.00 ",1/13/20
TSLA,Consumer Discretionary,Automobile Manufacturers,"Austin, Texas",12/21/20,2003,Elon Musk,M,$0.00 ,10/1/08
TSN,Consumer Staples,Packaged Foods & Meats,"Springdale, Arkansas",8/10/05,1935,Donnie King,M,"$12,014,497.00 ",6/2/21
TT,Industrials,Building Products,"Dublin, Ireland",11/17/10,1871,Dave Regnery,M,"$12,770,195.00 ",7/1/21
TTWO,Communication Services,Interactive Home Entertainment,"New York City, New York",3/19/18,1993,Strauss Zelnick,M,"$115,015.00 ",1/1/11
TXN,Information Technology,Semiconductors,"Dallas, Texas",3/12/01,1930,Richard Templeton,M,"$21,629,586.00 ",5/1/04
TXT,Industrials,Aerospace & Defense,"Providence, Rhode Island",12/31/78,1923,Scott Donnelly,M,"$15,367,279.00 ",9/1/10
TYL,Information Technology,Application Software,"Plano, Texas",6/22/20,1966,Lynn Moore,M,"$6,197,162.00 ",5/10/18
UAL,Industrials,Passenger Airlines,"Chicago, Illinois",9/3/15,1967,Scott Kirby,M,"$9,796,602.00 ",12/1/19
UBER,Industrials,Passenger Ground Transportation,"San Francisco, California",12/18/23,2009,Dara Khosrowshahi,M,"$24,276,977.00 ",8/1/17
UDR,Real Estate,Multi-Family Residential REITs,"Highlands Ranch, Colorado",3/7/16,1972,Thomas Toomey,M,"$8,149,435.00 ",2/1/01
UHS,Health Care,Health Care Facilities,"King of Prussia, Pennsylvania",9/20/14,1979,Marc Miller,M,"$10,919,976.00 ",1/1/21
ULTA,Consumer Discretionary,Other Specialty Retail,"Bolingbrook, Illinois",4/18/16,1990,David Kimbell,M,"$13,512,384.00 ",4/15/19
UNH,Health Care,Managed Health Care,"Minnetonka, Minnesota",7/1/94,1977,Andrew Witty,M,"$20,865,106.00 ",5/8/19
UNP,Industrials,Rail Transportation,"Omaha, Nebraska",3/4/57,1862,Lance Fritz,M,"$14,326,072.00 ",7/26/23
UPS,Industrials,Air Freight & Logistics,"Sandy Springs, Georgia",7/22/02,1907,Carol Tom,F,"$18,965,201.00 ",3/12/20
URI,Industrials,Trading Companies & Distributors,"Stamford, Connecticut",9/20/14,1997,Matthew Flannery,M,"$12,414,168.00 ",5/1/19
USB,Financials,Diversified Banks,"Minneapolis, Minnesota",11/1/99,1968,Andrew Cecere,M,"$16,157,514.00 ",1/19/16
V,Financials,Transaction & Payment Processing Services,"San Francisco, California",12/21/09,1958,Alfred Kelly,M,"$28,103,602.00 ",12/1/16
VICI,Real Estate,Hotel & Resort REITs,"New York City, New York",6/8/22,2017,Edward Pitoniak,M,"$11,513,494.00 ",12/21/23
VLO,Energy,Oil & Gas Refining & Marketing,"San Antonio, Texas",12/20/02,1980,Joseph Gorder,M,"$20,145,093.00 ",5/1/14
VLTO,Industrials,Environmental & Facilities Services,"Waltham, Massachusetts",10/2/23,2023,Jennifer Honeycutt,F,"$9,392,843.00 ",6/30/08
VMC,Materials,Construction Materials,"Birmingham, Alabama",6/30/99,1909,J. Thomas Hill,M,"$10,081,539.00 ",7/1/14
VRSK,Industrials,Research & Consulting Services,"Jersey City, New Jersey",10/8/15,1971,Lee Shavel,M,"$9,497,341.00 ",4/1/20
VRSN,Information Technology,Internet Services & Infrastructure,"Dulles, Virginia",2/1/06,1995,James Bidzos,M,"$11,279,095.00 ",5/25/22
VRTX,Health Care,Biotechnology,"Boston, Massachusetts",9/23/13,1989,Reshma Kewalramani,F,"$15,864,497.00 ",4/1/20
VST,Utilities,Electric Utilities,"Irving, Texas",5/8/24,2016,James Burke,M,"$8,559,824.00 ",3/21/22
VTR,Real Estate,Health Care REITs,"Chicago, Illinois",3/4/09,1998,Debra Cafaro,F,"$14,059,092.00 ",6/1/99
VTRS,Health Care,Pharmaceuticals,"Pittsburgh, Pennsylvania",4/23/04,1961,Michael Goettler,M,"$14,771,270.00 ",2/27/23
VZ,Communication Services,Integrated Telecommunication Services,"New York City, New York",11/30/83,1983,Hans Vestberg,M,"$19,832,750.00 ",6/8/18
WAB,Industrials,Construction Machinery & Heavy Transportation Equipment,"Pittsburgh, Pennsylvania",2/27/19,2019,Rafael Santana,M,"$11,685,472.00 ",4/25/19
WAT,Health Care,Life Sciences Tools & Services,"Milford, Massachusetts",1/2/02,1958,Udit Batra,M,"$9,409,550.00 ",7/15/20
WBA,Consumer Staples,Drug Retail,"Deerfield, Illinois",12/31/79,2014,Rosalind Brewer,F,"$17,287,489.00 ",3/15/21
WBD,Communication Services,Broadcasting,"New York City, New York",4/11/22,2022,David Zaslav,M,"$39,288,458.00 ",11/16/06
WDC,Information Technology,"Technology Hardware, Storage & Peripherals","San Jose, California",7/1/09,1970,David Goeckeler,M,"$11,031,692.00 ",3/9/20
WEC,Utilities,Electric Utilities,"Milwaukee, Wisconsin",10/31/08,1896,Scott Lauber,M,"$8,149,461.00 ",2/1/22
WELL,Real Estate,Health Care REITs,"Toledo, Ohio",1/30/09,1970,Shankh Mitra,M,"$17,199,891.00 ",10/5/20
WFC,Financials,Diversified Banks,"San Francisco, California",6/30/76,1852,Charles Scharf,M,"$29,000,000.00 ",9/27/19
WM,Industrials,Environmental & Facilities Services,"Houston, Texas",8/31/98,1968,James Fish,M,"$14,820,684.00 ",11/10/16
WMB,Energy,Oil & Gas Storage & Transportation,"Tulsa, Oklahoma",3/31/75,1908,Alan S. Armstrong,M,"$14,094,983.00 ",1/1/11
WMT,Consumer Staples,Consumer Staples Merchandise Retail,"Bentonville, Arkansas",8/31/82,1962,Douglas McMillon,M,"$25,306,714.00 ",11/25/13
WRB,Financials,Property & Casualty Insurance,"Greenwich, Connecticut",12/5/19,1967,Robert Berkley,M,"$16,706,862.00 ",11/1/73
WST,Health Care,Health Care Supplies,"Exton, Pennsylvania",5/22/20,1923,Eric M. Green,M,"$7,916,599.00 ",4/1/15
WTW,Financials,Insurance Brokers,"London, United Kingdom",1/5/16,2016,Carl Hess,M,"$10,728,900.00 ",8/1/21
WY,Real Estate,Timber REITs,"Seattle, Washington",10/1/79,1900,Devin Stockfish,M,"$12,969,306.00 ",1/1/19
WYNN,Consumer Discretionary,Casinos & Gaming,"Paradise, Nevada",11/14/08,2002,Craig Billings,M,"$16,153,000.00 ",2/1/22
XEL,Utilities,Multi-Utilities,"Minneapolis, Minnesota",3/4/57,1909,Robert C. Frenzel,M,"$21,181,951.00 ",8/19/21
XOM,Energy,Integrated Oil & Gas,"Irving, Texas",3/4/57,1999,Darren Woods,M,"$35,909,231.00 ",1/1/17
XYL,Industrials,Industrial Machinery & Supplies & Components,"White Plains, New York",11/1/11,2011,Matthew Pine,M,"$4,210,000.00 ",1/1/24
YUM,Consumer Discretionary,Restaurants,"Louisville, Kentucky",10/6/97,1997,David Gibbs,M,"$16,671,654.00 ",8/12/19
ZBH,Health Care,Health Care Equipment,"Warsaw, Indiana",8/7/01,1927,Ivan Tornos,M,"$10,191,476.00 ",8/22/23
ZBRA,Information Technology,Electronic Equipment & Instruments,"Lincolnshire, Illinois",12/23/19,1969,William Burns,M,"$11,259,896.00 ",3/1/23
ZTS,Health Care,Pharmaceuticals,"Parsippany, New Jersey",6/21/13,1952,Kristin C. Peck,F,"$15,237,853.00 ",1/1/20